site_ID,site_nr,long,lat,naam,domein,wegnr,district,gemeente,interval,datum_van,dist_nearest_station,dist_nearest_school,school_count,station_count,park_count,direction,description
1,100046096,4.456121776137429,50.91618331151478,Machelen,Vlaamse Overheid A. Wegen enVerkeer,T2110002,AWV212,Machelen,15,2019-08-22,2762.772259247944,1036.9938394887606,0,0,0,IN,Machelen Cyclists rich. Brucargo
1,100046096,4.456121776137429,50.91618331151478,Machelen,Vlaamse Overheid A. Wegen enVerkeer,T2110002,AWV212,Machelen,15,2019-08-22,2762.772259247944,1036.9938394887606,0,0,0,OUT,Machelen Cyclists richting Machelen
2,100052862,4.47169,51.27512,Brasschaat 2,Vlaamse Overheid A. Wegen enVerkeer,N0010002,AWV123,Brasschaat,15,2019-08-22,4223.5966054825885,1004.3673604351778,0,0,0,IN,Brasschaat 2 Fietsers rich Merksem
2,100052862,4.47169,51.27512,Brasschaat 2,Vlaamse Overheid A. Wegen enVerkeer,N0010002,AWV123,Brasschaat,15,2019-08-22,4223.5966054825885,1004.3673604351778,0,0,0,OUT,Brasschaat 2 Fietsers rich Brasschaat
3,100052863,4.47222,51.27503,Brasschaat 1,Vlaamse Overheid A. Wegen enVerkeer,N0010001,AWV123,Brasschaat,15,2019-08-22,4283.438956370916,1041.580638385126,0,0,0,IN,Brasschaat 1 Fietsers rich Merksem
3,100052863,4.47222,51.27503,Brasschaat 1,Vlaamse Overheid A. Wegen enVerkeer,N0010001,AWV123,Brasschaat,15,2019-08-22,4283.438956370916,1041.580638385126,0,0,0,OUT,Brasschaat 1 Fietsers rich Brasschaat
4,100052864,5.19011,51.16023,Balen 1,Vlaamse Overheid A. Wegen enVerkeer,N0180002,AWV114,Balen,15,2019-08-22,2936.036400053959,788.6935620940678,1,0,0,IN,Balen 1 Fietsers rich Leopoldsburg
4,100052864,5.19011,51.16023,Balen 1,Vlaamse Overheid A. Wegen enVerkeer,N0180002,AWV114,Balen,15,2019-08-22,2936.036400053959,788.6935620940678,1,0,0,OUT,Balen 1 Fietsers rich Balen
5,100052865,5.19003,51.16018,Balen 2,Vlaamse Overheid A. Wegen enVerkeer,N0180002,AWV114,Balen,15,2019-08-22,2929.5059878540246,785.493710358425,1,0,0,IN,Balen 2 Fietsers rich Balen
5,100052865,5.19003,51.16018,Balen 2,Vlaamse Overheid A. Wegen enVerkeer,N0180002,AWV114,Balen,15,2019-08-22,2929.5059878540246,785.493710358425,1,0,0,OUT,Balen 2 Fietsers rich Leopoldsburg
6,100052866,3.70298,51.10894,Evergem 2,Vlaamse Overheid A. Wegen enVerkeer,N4560001,AWV413,Evergem,15,2019-08-22,216.7928176638533,420.7365638683124,4,1,3,IN,Evergem 2 Fietsers rich Wondelgem
6,100052866,3.70298,51.10894,Evergem 2,Vlaamse Overheid A. Wegen enVerkeer,N4560001,AWV413,Evergem,15,2019-08-22,216.7928176638533,420.7365638683124,4,1,3,OUT,Evergem 2 Fietsers rich Hulleken
7,100052867,3.70317,51.1089,Evergem 1,Vlaamse Overheid A. Wegen enVerkeer,N4560001,AWV413,Evergem,15,2019-08-22,220.87603181534564,420.61882196296006,4,1,3,IN,Evergem_1 [Bike IN] / Evergem 1 Fietsers rich Wondelgem
7,100052867,3.70317,51.1089,Evergem 1,Vlaamse Overheid A. Wegen enVerkeer,N4560001,AWV413,Evergem,15,2019-08-22,220.87603181534564,420.61882196296006,4,1,3,OUT,Evergem_1 [Bike OUT] / Evergem 1 Fietsers rich Hulleken
8,100052868,4.68823,51.06759,Heist op den Berg 1,Vlaamse Overheid A. Wegen enVerkeer,N0150001,AWV112,Heist-op-den-Berg,15,2019-08-22,2445.373786541328,111.22284571187885,2,0,1,IN,Heist op den Berg Fietsers rich Mechelen
8,100052868,4.68823,51.06759,Heist op den Berg 1,Vlaamse Overheid A. Wegen enVerkeer,N0150001,AWV112,Heist-op-den-Berg,15,2019-08-22,2445.373786541328,111.22284571187885,2,0,1,OUT,Heist op den Berg Fietsers rich Heist op den Berg
9,100052869,4.69524,51.06904,Heist op den Berg 2,Vlaamse Overheid A. Wegen enVerkeer,N0150001,AWV112,Heist-op-den-Berg,15,2019-08-22,1651.323072853923,450.95313127231327,2,0,0,IN,Heist op den Berg 2 Fietsers rich Mechelen
9,100052869,4.69524,51.06904,Heist op den Berg 2,Vlaamse Overheid A. Wegen enVerkeer,N0150001,AWV112,Heist-op-den-Berg,15,2019-08-22,1651.323072853923,450.95313127231327,2,0,0,OUT,Heist op den Berg 2 Fietsers rich Heist op den Berg
10,100052870,4.01571,50.93549,Aalst 2,Vlaamse Overheid A. Wegen enVerkeer,R0410001,AWV415,Aalst,15,2019-08-22,1747.775102152234,704.2687493501452,1,0,2,OUT,Aalst_2 Fietser rich Aalst
10,100052870,4.01571,50.93549,Aalst 2,Vlaamse Overheid A. Wegen enVerkeer,R0410001,AWV415,Aalst,15,2019-08-22,1747.775102152234,704.2687493501452,1,0,2,IN,Aalst_2 Fietser rich Zurendries
11,100052871,4.01647,50.93385,Aalst 3,Vlaamse Overheid A. Wegen enVerkeer,R0410001,AWV415,Aalst,15,2019-08-22,1855.277216525348,629.4223202905711,1,0,5,IN,Aalst 3 Fietser rich Zurendries
11,100052871,4.01647,50.93385,Aalst 3,Vlaamse Overheid A. Wegen enVerkeer,R0410001,AWV415,Aalst,15,2019-08-22,1855.277216525348,629.4223202905711,1,0,5,OUT,Aalst 3 Fietser rich Aalst
12,100052872,4.47803,50.81896,Tervuren,Vlaamse Overheid A. Wegen enVerkeer,N0030001,AWV213,Kraainem,15,2019-08-22,2976.399993934974,2424.420241036876,0,0,0,IN,Tervuren Fietsers rich Brussel
12,100052872,4.47803,50.81896,Tervuren,Vlaamse Overheid A. Wegen enVerkeer,N0030001,AWV213,Kraainem,15,2019-08-22,2976.399993934974,2424.420241036876,0,0,0,OUT,Tervuren Fietsers rich Tervuren
13,100052873,3.70146,51.03018,Gent,Vlaamse Overheid A. Wegen enVerkeer,T0040001,AWV411,Gent,15,2019-08-22,1110.655976676219,303.0834886172088,4,0,4,IN,Gent Fietsers rich Drongen
13,100052873,3.70146,51.03018,Gent,Vlaamse Overheid A. Wegen enVerkeer,T0040001,AWV411,Gent,15,2019-08-22,1110.655976676219,303.0834886172088,4,0,4,OUT,Gent Fietsers rich Zwijnaarde
14,100052874,5.48927,50.97172,Genk,Vlaamse Overheid A. Wegen enVerkeer,N0760002,AWV720,Genk,15,2019-08-22,904.1088995819182,928.0597011269872,0,0,0,IN,Genk Fietsers rich Genk
14,100052874,5.48927,50.97172,Genk,Vlaamse Overheid A. Wegen enVerkeer,N0760002,AWV720,Genk,15,2019-08-22,904.1088995819182,928.0597011269872,0,0,0,OUT,Genk Fietsers rich Winterslag
15,100052878,2.92743,51.21371,Oostende 2,Vlaamse Overheid A. Wegen enVerkeer,N3460001,AWV315,Oostende,15,2019-08-22,1433.943471055938,524.2415054680004,3,0,4,IN,Oostende 2 Fietser rich. Gistel
15,100052878,2.92743,51.21371,Oostende 2,Vlaamse Overheid A. Wegen enVerkeer,N3460001,AWV315,Oostende,15,2019-08-22,1433.943471055938,524.2415054680004,3,0,4,OUT,Oostende 2 Fietser rich  Oostende
16,100052879,3.27777,50.83332,Kortrijk 1,Vlaamse Overheid A. Wegen enVerkeer,N0430002,AWV312,Kortrijk,15,2019-08-22,1792.2801731421175,698.6417538049716,2,0,7,IN,Kortrijk 1 Fietsers rich Harelbeke
16,100052879,3.27777,50.83332,Kortrijk 1,Vlaamse Overheid A. Wegen enVerkeer,N0430002,AWV312,Kortrijk,15,2019-08-22,1792.2801731421175,698.6417538049716,2,0,7,OUT,Kortrijk 1 Fietsers rich Kortrijk
17,100052880,3.27773,50.83339,Kortrijk 2,Vlaamse Overheid A. Wegen enVerkeer,N0430002,AWV312,Kortrijk,15,2019-08-22,1792.9994627552503,697.3913620047817,2,0,6,IN,Kortrijk 2 Fietsers rich Harelbeke
17,100052880,3.27773,50.83339,Kortrijk 2,Vlaamse Overheid A. Wegen enVerkeer,N0430002,AWV312,Kortrijk,15,2019-08-22,1792.9994627552503,697.3913620047817,2,0,6,OUT,Kortrijk 2 Fietsers rich Kortrijk
18,100052881,2.92765,51.21378,Oostende 1,Vlaamse Overheid A. Wegen enVerkeer,N3460001,AWV315,Oostende,15,2019-08-22,1423.2283954447344,549.2960646135712,3,0,4,IN,Oostende 1 Fietsers rich. Oostende
18,100052881,2.92765,51.21378,Oostende 1,Vlaamse Overheid A. Wegen enVerkeer,N3460001,AWV315,Oostende,15,2019-08-22,1423.2283954447344,549.2960646135712,3,0,4,OUT,Oostende 1 Fietsers rich. Gistel
19,100052883,4.01471,50.93433,Aalst 1,Vlaamse Overheid A. Wegen enVerkeer,R0410002,AWV415,Aalst,15,2019-08-22,1917.6325783493608,816.1226153646729,1,0,1,OUT,Aalst 1 fietser erpe mere / Aalst 1 fietser Erpe Mere
19,100052883,4.01471,50.93433,Aalst 1,Vlaamse Overheid A. Wegen enVerkeer,R0410002,AWV415,Aalst,15,2019-08-22,1917.6325783493608,816.1226153646729,1,0,1,IN,Aalst 1 fietser aalst / Aalst 1 fietser Aalst
20,100052884,3.20048,51.17416,Brugge,Vlaamse Overheid A. Wegen enVerkeer,N3970001,AWV311,Brugge,15,2019-08-22,3151.9635407218484,1375.776961389062,0,0,0,IN,Brugge Fietsers rich Brugge
20,100052884,3.20048,51.17416,Brugge,Vlaamse Overheid A. Wegen enVerkeer,N3970001,AWV311,Brugge,15,2019-08-22,3151.9635407218484,1375.776961389062,0,0,0,OUT,Brugge Fietsers rich Loppem
21,100052875,5.50161,50.86015,Bilzen,Vlaamse Overheid A. Wegen enVerkeer,N7300001,AWV719,Bilzen,15,2019-08-31,1279.6400363973073,957.5370910687049,0,0,1,IN,Bilzen Fietsers rich. Hoeselt
21,100052875,5.50161,50.86015,Bilzen,Vlaamse Overheid A. Wegen enVerkeer,N7300001,AWV719,Bilzen,15,2019-08-31,1279.6400363973073,957.5370910687049,0,0,1,OUT,Bilzen Fietsers rich. Bilzen
22,100052876,4.935984252796022,50.81330800184882,Tienen 2,Vlaamse Overheid A. Wegen enVerkeer,N0030002,AWV214,Tienen,15,2019-08-31,1247.3476530099986,371.0246316932601,6,0,2,IN,Tienen 2 Fietsers rich Sint-Truiden
22,100052876,4.935984252796022,50.81330800184882,Tienen 2,Vlaamse Overheid A. Wegen enVerkeer,N0030002,AWV214,Tienen,15,2019-08-31,1247.3476530099986,371.0246316932601,6,0,2,OUT,Tienen 2 Fietsers rich Boutersem
23,100052877,4.93447,50.81324,Tienen 3,Vlaamse Overheid A. Wegen enVerkeer,N0030002,AWV214,Tienen,15,2019-08-31,1098.875406158461,388.1421405783785,5,0,2,IN,Tienen 3 Fietsers rich Sint-Truiden
23,100052877,4.93447,50.81324,Tienen 3,Vlaamse Overheid A. Wegen enVerkeer,N0030002,AWV214,Tienen,15,2019-08-31,1098.875406158461,388.1421405783785,5,0,2,OUT,Tienen 3 Fietsers rich Boutersem
24,100052882,4.935044252605416,50.8133795491886,Tienen 1,Vlaamse Overheid A. Wegen enVerkeer,N0290001,AWV214,Tienen,15,2019-08-31,1161.1659912435605,385.2695906266016,4,0,2,IN,Tienen 1 Fietsers rich Glabbeek
24,100052882,4.935044252605416,50.8133795491886,Tienen 1,Vlaamse Overheid A. Wegen enVerkeer,N0290001,AWV214,Tienen,15,2019-08-31,1161.1659912435605,385.2695906266016,4,0,2,OUT,Tienen 1 Fietsers rich Tienen
25,100056189,5.597669323604317,51.13679500160176,Bree,Vlaamse Overheid A. Wegen enVerkeer,N0730002,AWV718,Bree,60,2020-05-09,325.14606412041525,256.15499077075714,7,1,2,IN,Bree Fietsers rich. Bree
25,100056189,5.597669323604317,51.13679500160176,Bree,Vlaamse Overheid A. Wegen enVerkeer,N0730002,AWV718,Bree,60,2020-05-09,325.14606412041525,256.15499077075714,7,1,2,OUT,Bree Fietsers rich. Gruitrode
26,300019223,4.45444,50.86995,Zaventem,Vlaamse Overheid A. Wegen enVerkeer,R0220001,AWV212,Zaventem,15,2021-08-06,1815.6851522386487,834.4802124521348,1,0,3,IN,Zaventem fietser Brussel
26,300019223,4.45444,50.86995,Zaventem,Vlaamse Overheid A. Wegen enVerkeer,R0220001,AWV212,Zaventem,15,2021-08-06,1815.6851522386487,834.4802124521348,1,0,3,OUT,Zaventem fietser Zaventem
27,300019372,4.34013,50.92127,Grimbergen,Vlaamse Overheid A. Wegen enVerkeer,N2760002,AWV212,Meise,15,2021-08-14,2754.8668180289105,1715.5072093392407,0,0,4,IN,Grimbergen Fietser Brussel
27,300019372,4.34013,50.92127,Grimbergen,Vlaamse Overheid A. Wegen enVerkeer,N2760002,AWV212,Meise,15,2021-08-14,2754.8668180289105,1715.5072093392407,0,0,4,OUT,Grimbergen Fietser Meise
28,300023447,5.30314,50.75488,Heers,Vlaamse Overheid A. Wegen enVerkeer,N7840002,AWV719,Heers,15,2022-04-14,,299.8402319823434,2,0,2,IN,Heers teller 2 Fietser Borgloon
28,300023447,5.30314,50.75488,Heers,Vlaamse Overheid A. Wegen enVerkeer,N7840002,AWV719,Heers,15,2022-04-14,,299.8402319823434,2,0,2,OUT,Heers teller 2 Fietser Heers centrum
29,300023449,5.52825,50.79286,Tongeren,Vlaamse Overheid A. Wegen enVerkeer,N0790002,AWV719,Tongeren,15,2022-04-14,,925.084921576986,0,0,0,IN,Tongeren Fietser Lanaken
29,300023449,5.52825,50.79286,Tongeren,Vlaamse Overheid A. Wegen enVerkeer,N0790002,AWV719,Tongeren,15,2022-04-14,,925.084921576986,0,0,0,OUT,Tongeren Fietser Tongeren
30,300023450,5.17691,50.94374,Herk De Stad,Vlaamse Overheid A. Wegen enVerkeer,N0020002,AWV717,Herk-de-Stad,15,2022-04-14,2466.014617373196,1073.6521700052117,0,0,0,IN,Herk De Stad teller 1 Fietser Herk De Stad
30,300023450,5.17691,50.94374,Herk De Stad,Vlaamse Overheid A. Wegen enVerkeer,N0020002,AWV717,Herk-de-Stad,15,2022-04-14,2466.014617373196,1073.6521700052117,0,0,0,OUT,Herk De Stad teller 1 Fietser Hasselt
31,300023451,5.1775,50.94366,Herk De Stad,Vlaamse Overheid A. Wegen enVerkeer,N0020001,AWV717,Herk-de-Stad,15,2022-04-14,2449.3590996736298,1125.7765779671388,0,0,0,IN,Herk De Stad teller 2 Fietser Herk De Stad
31,300023451,5.1775,50.94366,Herk De Stad,Vlaamse Overheid A. Wegen enVerkeer,N0020001,AWV717,Herk-de-Stad,15,2022-04-14,2449.3590996736298,1125.7765779671388,0,0,0,OUT,Herk De Stad teller 2 Fietser Hasselt
32,300023452,5.20961,50.97971,Lummen,Vlaamse Overheid A. Wegen enVerkeer,N7250002,AWV717,Lummen,15,2022-04-14,3188.777153751805,1898.8135344401423,0,0,0,IN,Lummen teller 1 Fietser Lummen
32,300023452,5.20961,50.97971,Lummen,Vlaamse Overheid A. Wegen enVerkeer,N7250002,AWV717,Lummen,15,2022-04-14,3188.777153751805,1898.8135344401423,0,0,0,OUT,Lummen teller 1 Fietser Hasselt
33,300023453,5.20936,50.97978,Lummen,Vlaamse Overheid A. Wegen enVerkeer,N7250002,AWV717,Lummen,15,2022-04-14,3169.737648167272,1870.0429664347964,0,0,0,IN,Lummen teller 2 Fietser Lummen
33,300023453,5.20936,50.97978,Lummen,Vlaamse Overheid A. Wegen enVerkeer,N7250002,AWV717,Lummen,15,2022-04-14,3169.737648167272,1870.0429664347964,0,0,0,OUT,Lummen teller 2 Fietser Hasselt
34,300023486,5.3033,50.75486,Heers teller 1,Vlaamse Overheid A. Wegen enVerkeer,N7840002,AWV719,Heers,15,2022-04-15,,315.0529318694059,2,0,2,IN,Heers_1 [Bike Borgloon] / Heers teller 1 Fietser Borgloon
34,300023486,5.3033,50.75486,Heers teller 1,Vlaamse Overheid A. Wegen enVerkeer,N7840002,AWV719,Heers,15,2022-04-15,,315.0529318694059,2,0,2,OUT,Heers_1 [Bike Heers centrum] / Heers teller 1 Fietser Heers centrum
35,300023487,5.6314,50.88112,Lanaken teller 1,Vlaamse Overheid A. Wegen enVerkeer,N0780001,AWV718,Lanaken,15,2022-04-15,,959.0809669335152,1,0,0,IN,Lanaken teller 1 Fietser Riemst
35,300023487,5.6314,50.88112,Lanaken teller 1,Vlaamse Overheid A. Wegen enVerkeer,N0780001,AWV718,Lanaken,15,2022-04-15,,959.0809669335152,1,0,0,OUT,Lanaken teller 1 Fietser Lanaken
36,300023488,5.63012,50.88131,Lanaken teller 2,Vlaamse Overheid A. Wegen enVerkeer,N0780002,AWV718,Lanaken,15,2022-04-15,,1076.688038342727,0,0,0,IN,Lanaken teller 2 Fietser Riemst
36,300023488,5.63012,50.88131,Lanaken teller 2,Vlaamse Overheid A. Wegen enVerkeer,N0780002,AWV718,Lanaken,15,2022-04-15,,1076.688038342727,0,0,0,OUT,Lanaken teller 2 Fietser Lanaken
37,300023527,5.29211,51.23299,Lommel teller 1,Vlaamse Overheid A. Wegen enVerkeer,N7120002,AWV717,Lommel,15,2022-04-20,3248.787603824554,358.6325133132109,2,0,0,IN,Lommel teller 1 Fietser Lommel
37,300023527,5.29211,51.23299,Lommel teller 1,Vlaamse Overheid A. Wegen enVerkeer,N7120002,AWV717,Lommel,15,2022-04-20,3248.787603824554,358.6325133132109,2,0,0,OUT,Lommel teller 1 Fietser Mol
38,300023528,5.29189,51.23277,Lommel teller 2,Vlaamse Overheid A. Wegen enVerkeer,N7120002,AWV717,Lommel,15,2022-04-20,3247.7305865086173,326.5196827192577,2,0,0,IN,Lommel teller 2 Fietser Lommel
38,300023528,5.29189,51.23277,Lommel teller 2,Vlaamse Overheid A. Wegen enVerkeer,N7120002,AWV717,Lommel,15,2022-04-20,3247.7305865086173,326.5196827192577,2,0,0,OUT,Lommel teller 2 Fietser Mol
39,300023529,5.47817,51.13425,Peer teller 1,Vlaamse Overheid A. Wegen enVerkeer,N0730002,AWV718,Peer,15,2022-04-20,,1582.5851156244566,0,0,1,IN,Peer teller 1 Fietser Bree
39,300023529,5.47817,51.13425,Peer teller 1,Vlaamse Overheid A. Wegen enVerkeer,N0730002,AWV718,Peer,15,2022-04-20,,1582.5851156244566,0,0,1,OUT,Peer teller 1 Fietser rich Leopoldsburg
40,300023530,5.47892,51.13438,Peer teller 2,Vlaamse Overheid A. Wegen enVerkeer,N0730002,AWV718,Peer,15,2022-04-20,,1665.1322003941036,0,0,0,OUT,Peer teller 2 Fietser rich. Bree
40,300023530,5.47892,51.13438,Peer teller 2,Vlaamse Overheid A. Wegen enVerkeer,N0730002,AWV718,Peer,15,2022-04-20,,1665.1322003941036,0,0,0,IN,Peer teller 2 Fietser rich Leopoldsburg
41,300023581,5.69799,50.97025,Maasmechelen teller 1,Vlaamse Overheid A. Wegen enVerkeer,N0780001,AWV718,Maasmechelen,15,2022-04-22,,229.26920622131317,1,0,4,IN,Maasmechelen teller 1 Fietser Dilsen stokem
41,300023581,5.69799,50.97025,Maasmechelen teller 1,Vlaamse Overheid A. Wegen enVerkeer,N0780001,AWV718,Maasmechelen,15,2022-04-22,,229.26920622131317,1,0,4,OUT,Maasmechelen teller 1 Fietser Rekem
42,300023582,5.6981,50.97043,Maasmechelen teller 2,Vlaamse Overheid A. Wegen enVerkeer,N0780001,AWV718,Maasmechelen,15,2022-04-22,,240.13251450361284,1,0,4,IN,Maasmechelen teller 2 Fietser Rekem
42,300023582,5.6981,50.97043,Maasmechelen teller 2,Vlaamse Overheid A. Wegen enVerkeer,N0780001,AWV718,Maasmechelen,15,2022-04-22,,240.13251450361284,1,0,4,OUT,Maasmechelen teller 2 Fietser Dilsen stokem
43,300023680,5.79715,51.09344,Maaseik teller 1,Vlaamse Overheid A. Wegen enVerkeer,N7610001,AWV718,Maaseik,15,2022-04-28,,632.7256807772465,5,0,5,IN,Maaseik teller 1 Fietser Nederland
43,300023680,5.79715,51.09344,Maaseik teller 1,Vlaamse Overheid A. Wegen enVerkeer,N7610001,AWV718,Maaseik,15,2022-04-28,,632.7256807772465,5,0,5,OUT,Maaseik teller 1 Fietser Maaseik
44,300023682,5.79726,51.09359,Maaseik teller 2,Vlaamse Overheid A. Wegen enVerkeer,N7610002,AWV718,Maaseik,15,2022-04-28,,634.3552251640967,5,0,5,OUT,Maaseik teller 2 Fietser Maaseik
44,300023682,5.79726,51.09359,Maaseik teller 2,Vlaamse Overheid A. Wegen enVerkeer,N7610002,AWV718,Maaseik,15,2022-04-28,,634.3552251640967,5,0,5,IN,Maaseik teller 2 Fietser Nederland
45,300023741,5.44377,51.23127,Pelt teller 1,Vlaamse Overheid A. Wegen enVerkeer,N7120002,AWV717,Pelt,15,2022-04-30,1275.3455656415451,751.9902223534756,1,0,0,IN,Pelt teller 1 Fietser Hamont-Achel
45,300023741,5.44377,51.23127,Pelt teller 1,Vlaamse Overheid A. Wegen enVerkeer,N7120002,AWV717,Pelt,15,2022-04-30,1275.3455656415451,751.9902223534756,1,0,0,OUT,Pelt teller 1 Fietser Lommel
46,300023743,5.44375,51.231,Pelt teller 2,Vlaamse Overheid A. Wegen enVerkeer,N7120001,AWV717,Pelt,15,2022-04-30,1249.4762991227344,721.8555400511445,1,0,0,IN,Pelt teller 2 Fietser Lommel
46,300023743,5.44375,51.231,Pelt teller 2,Vlaamse Overheid A. Wegen enVerkeer,N7120001,AWV717,Pelt,15,2022-04-30,1249.4762991227344,721.8555400511445,1,0,0,OUT,Pelt teller 2 Fietser Hamont-Achel
47,300024198,4.41497,50.91372,Vilvoorde,Vlaamse Overheid A. Wegen enVerkeer,N2600002,AWV212,Vilvoorde,15,2022-05-19,691.0899798357233,632.7926767572715,1,0,2,IN,Vilvoorde Fietser rich Brussel
47,300024198,4.41497,50.91372,Vilvoorde,Vlaamse Overheid A. Wegen enVerkeer,N2600002,AWV212,Vilvoorde,15,2022-05-19,691.0899798357233,632.7926767572715,1,0,2,OUT,Vilvoorde Fietser vilvoorde
48,300024443,5.60389,51.00509,As,Vlaamse Overheid A. Wegen enVerkeer,T7230001,AWV718,As,15,2022-06-01,,1360.7084734736895,0,0,2,IN,As Fietser Maasmechelen
48,300024443,5.60389,51.00509,As,Vlaamse Overheid A. Wegen enVerkeer,T7230001,AWV718,As,15,2022-06-01,,1360.7084734736895,0,0,2,OUT,As Fietser As
49,300024444,5.41001,50.95264,Bokrijk,Vlaamse Overheid A. Wegen enVerkeer,N0750002,AWV720,Genk,15,2022-06-01,394.4873830379023,1308.541115853111,0,1,1,IN,Bokrijk Fietser Hasselt
49,300024444,5.41001,50.95264,Bokrijk,Vlaamse Overheid A. Wegen enVerkeer,N0750002,AWV720,Genk,15,2022-06-01,394.4873830379023,1308.541115853111,0,1,1,OUT,Bokrijk Fietser Genk
50,300024454,3.16252,51.19291,"Brugge, Sint-Andries",Vlaamse Overheid A. Wegen enVerkeer,N3670002,AWV311,Brugge,15,2022-06-01,,1354.6068951620946,0,0,0,IN,"Brugge, Sint-Andries Fietser Brugge"
50,300024454,3.16252,51.19291,"Brugge, Sint-Andries",Vlaamse Overheid A. Wegen enVerkeer,N3670002,AWV311,Brugge,15,2022-06-01,,1354.6068951620946,0,0,0,OUT,"Brugge, Sint-Andries Fietser Varsenare"
51,300024455,3.16252,51.19281,"Brugge, Sint-Andries",Vlaamse Overheid A. Wegen enVerkeer,N3670002,AWV311,Brugge,15,2022-06-01,,1352.056737508846,0,0,0,IN,"Brugge, Sint-Andries Fietser Brugge"
51,300024455,3.16252,51.19281,"Brugge, Sint-Andries",Vlaamse Overheid A. Wegen enVerkeer,N3670002,AWV311,Brugge,15,2022-06-01,,1352.056737508846,0,0,0,OUT,"Brugge, Sint-Andries Fietser Varsenare"
52,300024459,3.24095,51.22632,Brugge,Vlaamse Overheid A. Wegen enVerkeer,N3740002,AWV311,Brugge,15,2022-06-01,135.93226444852854,855.7890159277862,1,1,2,IN,Brugge Fietser Brugge
52,300024459,3.24095,51.22632,Brugge,Vlaamse Overheid A. Wegen enVerkeer,N3740002,AWV311,Brugge,15,2022-06-01,135.93226444852854,855.7890159277862,1,1,2,OUT,Brugge Fietser Koolkerke
53,300024499,3.228,51.23023,Brugge teller 1,Vlaamse Overheid A. Wegen enVerkeer,N3760002,AWV311,Brugge,15,2022-06-02,1544.3201139743508,485.93974255489366,2,0,3,IN,Brugge teller 1 Fietser zeebrugge
53,300024499,3.228,51.23023,Brugge teller 1,Vlaamse Overheid A. Wegen enVerkeer,N3760002,AWV311,Brugge,15,2022-06-02,1544.3201139743508,485.93974255489366,2,0,3,OUT,Brugge teller 1 Fietser Brugge
54,300024500,3.22818,51.23015,Brugge teller 2,Vlaamse Overheid A. Wegen enVerkeer,N3760002,AWV311,Brugge,15,2022-06-02,1522.409944476863,468.9115707539099,2,0,3,IN,Brugge teller 2 Fietser Brugge
54,300024500,3.22818,51.23015,Brugge teller 2,Vlaamse Overheid A. Wegen enVerkeer,N3760002,AWV311,Brugge,15,2022-06-02,1522.409944476863,468.9115707539099,2,0,3,OUT,Brugge teller 2 Fietser zeebrugge
55,300024504,3.08261,51.07161,Torhout teller 1,Vlaamse Overheid A. Wegen enVerkeer,N0330001,AWV316,Torhout,15,2022-06-02,2683.760742031693,617.4555574541305,1,0,0,IN,Torhout_1 [Bike IN] / Torhout teller 1 Fietser Torhout
55,300024504,3.08261,51.07161,Torhout teller 1,Vlaamse Overheid A. Wegen enVerkeer,N0330001,AWV316,Torhout,15,2022-06-02,2683.760742031693,617.4555574541305,1,0,0,OUT,Torhout_1 [Bike OUT] / Torhout teller 1 Fietser Ichtegem
56,300024505,3.08244,51.07147,Torhout teller 2,Vlaamse Overheid A. Wegen enVerkeer,N0330001,AWV316,Torhout,15,2022-06-02,2697.5804874703763,618.3218071457296,1,0,0,IN,Torhout teller 2 Fietser Ichtegem
56,300024505,3.08244,51.07147,Torhout teller 2,Vlaamse Overheid A. Wegen enVerkeer,N0330001,AWV316,Torhout,15,2022-06-02,2697.5804874703763,618.3218071457296,1,0,0,OUT,Torhout teller 2 Fietser Torhout
57,300024549,3.24491,50.96056,Meulebeke teller 1,Vlaamse Overheid A. Wegen enVerkeer,N0500001,AWV316,Meulebeke,15,2022-06-03,,283.25629608527333,1,0,0,IN,Meulebeke teller 1 Fietser Pittem
57,300024549,3.24491,50.96056,Meulebeke teller 1,Vlaamse Overheid A. Wegen enVerkeer,N0500001,AWV316,Meulebeke,15,2022-06-03,,283.25629608527333,1,0,0,OUT,Meulebeke teller 1 Fietser Ingelmunster
58,300024550,3.24471,50.96021,Meulebeke teller 2,Vlaamse Overheid A. Wegen enVerkeer,N0500001,AWV316,Meulebeke,15,2022-06-03,,283.5172024107804,1,0,0,IN,Meulebeke teller 2 Fietser Ingelmunster
58,300024550,3.24471,50.96021,Meulebeke teller 2,Vlaamse Overheid A. Wegen enVerkeer,N0500001,AWV316,Meulebeke,15,2022-06-03,,283.5172024107804,1,0,0,OUT,Meulebeke teller 2 Fietser Pittem
59,300024551,3.18479,50.96784,Ardooie teller 1,Vlaamse Overheid A. Wegen enVerkeer,N0370002,AWV316,Ardooie,15,2022-06-03,,1704.5660242424976,0,0,0,IN,Ardooie teller 1 Fietser Ardooie
59,300024551,3.18479,50.96784,Ardooie teller 1,Vlaamse Overheid A. Wegen enVerkeer,N0370002,AWV316,Ardooie,15,2022-06-03,,1704.5660242424976,0,0,0,OUT,Ardooie teller 1 Fietser Roeselare
60,300024552,3.18411,50.96783,Ardooie teller 2,Vlaamse Overheid A. Wegen enVerkeer,N0370002,AWV316,Ardooie,15,2022-06-03,,1764.9240598285585,0,0,0,IN,Ardooie teller 2 Fietser Roeselare
60,300024552,3.18411,50.96783,Ardooie teller 2,Vlaamse Overheid A. Wegen enVerkeer,N0370002,AWV316,Ardooie,15,2022-06-03,,1764.9240598285585,0,0,0,OUT,Ardooie teller 2 Fietser Ardooie
61,300024592,3.0921,50.80555,Wervik teller 2,Vlaamse Overheid A. Wegen enVerkeer,N0080001,AWV312,Wervik,15,2022-06-05,2352.266211735552,1472.9650100557676,0,0,0,IN,Wervik teller 2 Fietser Geluwe
61,300024592,3.0921,50.80555,Wervik teller 2,Vlaamse Overheid A. Wegen enVerkeer,N0080001,AWV312,Wervik,15,2022-06-05,2352.266211735552,1472.9650100557676,0,0,0,OUT,Wervik teller 2 Fietser Menen
62,300024594,3.09154,50.8058,Wervik teller 1,Vlaamse Overheid A. Wegen enVerkeer,N0080001,AWV312,Wervik,15,2022-06-05,2285.3598712898147,1492.6128593608855,0,0,0,IN,Wervik teller 1 Fietser Menen
62,300024594,3.09154,50.8058,Wervik teller 1,Vlaamse Overheid A. Wegen enVerkeer,N0080001,AWV312,Wervik,15,2022-06-05,2285.3598712898147,1492.6128593608855,0,0,0,OUT,Wervik teller 1 Fietser Geluwe
63,300025204,2.74289,51.13529,Nieuwpoort teller 3,Vlaamse Overheid A. Wegen enVerkeer,N0340002,AWV315,Nieuwpoort,15,2022-06-24,255.6615702570289,1308.5209840649054,0,1,6,IN,Nieuwpoort teller 3 Fietser Kust
63,300025204,2.74289,51.13529,Nieuwpoort teller 3,Vlaamse Overheid A. Wegen enVerkeer,N0340002,AWV315,Nieuwpoort,15,2022-06-24,255.6615702570289,1308.5209840649054,0,1,6,OUT,Nieuwpoort teller 3 Fietser Nieuwpoort
64,300025205,2.75737,51.13359,Nieuwpoort teller 1,Vlaamse Overheid A. Wegen enVerkeer,N3800002,AWV315,Nieuwpoort,15,2022-06-24,1599.9830204631062,271.17713284734043,3,0,3,IN,Nieuwpoort teller 1 Fietser Nieuwpoort
64,300025205,2.75737,51.13359,Nieuwpoort teller 1,Vlaamse Overheid A. Wegen enVerkeer,N3800002,AWV315,Nieuwpoort,15,2022-06-24,1599.9830204631062,271.17713284734043,3,0,3,OUT,Nieuwpoort teller 1 Fietser Westende
65,300025206,2.75511,51.13435,Nieuwpoort teller 2,Vlaamse Overheid A. Wegen enVerkeer,N0340002,AWV315,Nieuwpoort,15,2022-06-24,1334.942937390494,321.3996980896379,1,0,3,IN,Nieuwpoort teller 2 Fietser Nieuwpoort
65,300025206,2.75511,51.13435,Nieuwpoort teller 2,Vlaamse Overheid A. Wegen enVerkeer,N0340002,AWV315,Nieuwpoort,15,2022-06-24,1334.942937390494,321.3996980896379,1,0,3,OUT,Nieuwpoort teller 2 Fietser Westende
66,300025380,2.74369,51.1347,Nieuwpoort totem,Vlaamse Overheid A. Wegen enVerkeer,N0340001,AWV315,Nieuwpoort,15,2022-06-30,311.4360590013798,1198.3341584447303,0,1,5,IN,Nieuwpoort totem Fietser Nieuwpoort
66,300025380,2.74369,51.1347,Nieuwpoort totem,Vlaamse Overheid A. Wegen enVerkeer,N0340001,AWV315,Nieuwpoort,15,2022-06-30,311.4360590013798,1198.3341584447303,0,1,5,OUT,Nieuwpoort totem Fietser Kust
67,300025382,2.85624,50.85018,Ieper totem,Vlaamse Overheid A. Wegen enVerkeer,N3080002,AWV313,Ieper,15,2022-06-30,2270.3729535398343,1316.4950903763347,0,0,3,IN,Ieper totem Fietser Poperingen
67,300025382,2.85624,50.85018,Ieper totem,Vlaamse Overheid A. Wegen enVerkeer,N3080002,AWV313,Ieper,15,2022-06-30,2270.3729535398343,1316.4950903763347,0,0,3,OUT,Ieper totem Fietser Ieper
68,300025383,2.85608,50.85032,Ieper,Vlaamse Overheid A. Wegen enVerkeer,N3080002,AWV313,Ieper,15,2022-06-30,2289.884530098195,1326.1068090324277,0,0,3,IN,Ieper Fietser Poperingen
68,300025383,2.85608,50.85032,Ieper,Vlaamse Overheid A. Wegen enVerkeer,N3080002,AWV313,Ieper,15,2022-06-30,2289.884530098195,1326.1068090324277,0,0,3,OUT,Ieper Fietser Ieper
69,300025572,4.71526,50.87549,Leuven teller 1,Vlaamse Overheid A. Wegen enVerkeer,R0230002,AWV213,Leuven,15,2022-07-07,665.5742008258643,266.5929053077876,25,0,6,IN,Leuven teller 1 Fietser Heverlee
69,300025572,4.71526,50.87549,Leuven teller 1,Vlaamse Overheid A. Wegen enVerkeer,R0230002,AWV213,Leuven,15,2022-07-07,665.5742008258643,266.5929053077876,25,0,6,OUT,Leuven teller 1 Fietser Leuven
70,300025573,4.59318,50.95682,Kampenhout teller 1,Vlaamse Overheid A. Wegen enVerkeer,N0210001,AWV212,Kampenhout,15,2022-07-07,2499.601167838508,1443.8948092029038,0,0,0,IN,Kampenhout teller 1 Fietser Kampenhout
70,300025573,4.59318,50.95682,Kampenhout teller 1,Vlaamse Overheid A. Wegen enVerkeer,N0210001,AWV212,Kampenhout,15,2022-07-07,2499.601167838508,1443.8948092029038,0,0,0,OUT,Kampenhout teller 1 Fietser Haacht
71,300025574,4.59164,50.95589,Kampenhout teller 2,Vlaamse Overheid A. Wegen enVerkeer,N0260002,AWV212,Kampenhout,15,2022-07-07,2698.676697166813,1268.0573144556895,0,0,0,IN,Kampenhout teller 2 Fietser Herent
71,300025574,4.59164,50.95589,Kampenhout teller 2,Vlaamse Overheid A. Wegen enVerkeer,N0260002,AWV212,Kampenhout,15,2022-07-07,2698.676697166813,1268.0573144556895,0,0,0,OUT,Kampenhout teller 2 Fietser Mechelen
72,300025575,4.64689,50.89135,Herent teller 1,Vlaamse Overheid A. Wegen enVerkeer,N0020002,AWV213,Herent,15,2022-07-07,1829.4197891505275,850.8555901642447,0,0,1,IN,Herent teller 1 Fietser Kortenberg
72,300025575,4.64689,50.89135,Herent teller 1,Vlaamse Overheid A. Wegen enVerkeer,N0020002,AWV213,Herent,15,2022-07-07,1829.4197891505275,850.8555901642447,0,0,1,OUT,Herent teller 1 Fietser Leuven
73,300025576,4.64685,50.89128,Herent teller 2,Vlaamse Overheid A. Wegen enVerkeer,N0020002,AWV213,Herent,15,2022-07-07,1830.0552721605825,852.4901607728199,0,0,1,IN,Herent_2 [Pedestrian Leuven] / Herent teller 2 Fietser Leuven
73,300025576,4.64685,50.89128,Herent teller 2,Vlaamse Overheid A. Wegen enVerkeer,N0020002,AWV213,Herent,15,2022-07-07,1830.0552721605825,852.4901607728199,0,0,1,OUT,Herent_2 [Pedestrian Kortenberg] / Herent teller 2 Fietser Kortenberg
74,300025577,3.25728,50.81909,Kortrijk teller 1,Vlaamse Overheid A. Wegen enVerkeer,N0430001,AWV312,Kortrijk,15,2022-07-07,769.4489670578809,189.72828397185725,7,0,2,IN,Kortrijk teller 1 Fietser Brugse poort
74,300025577,3.25728,50.81909,Kortrijk teller 1,Vlaamse Overheid A. Wegen enVerkeer,N0430001,AWV312,Kortrijk,15,2022-07-07,769.4489670578809,189.72828397185725,7,0,2,OUT,Kortrijk teller 1 Fietser Aalbeke
75,300025580,3.25731,50.81925,Kortrijk teller 2,Vlaamse Overheid A. Wegen enVerkeer,N0430001,AWV312,Kortrijk,15,2022-07-07,753.5935404832502,187.58645036060747,7,1,2,IN,Kortrijk teller 2  Fietser Aalbeke
75,300025580,3.25731,50.81925,Kortrijk teller 2,Vlaamse Overheid A. Wegen enVerkeer,N0430001,AWV312,Kortrijk,15,2022-07-07,753.5935404832502,187.58645036060747,7,1,2,OUT,Kortrijk teller 2  Fietser Brugse poort
76,300025592,4.69597,50.84606,Heverlee teller 2,Vlaamse Overheid A. Wegen enVerkeer,A0030002,AWV213,Leuven,15,2022-07-07,1823.089902322243,1205.3203768575906,0,0,0,IN,Heverlee teller 2 Fietser IN
76,300025592,4.69597,50.84606,Heverlee teller 2,Vlaamse Overheid A. Wegen enVerkeer,A0030002,AWV213,Leuven,15,2022-07-07,1823.089902322243,1205.3203768575906,0,0,0,OUT,Heverlee teller 2 Fietser Heverlee
77,300025593,4.70796,50.88672,Leuven teller 2,Vlaamse Overheid A. Wegen enVerkeer,R0230012,AWV213,Leuven,15,2022-07-07,901.6940285009786,438.835512707766,9,1,1,IN,Leuven teller 2 Fietser IN
77,300025593,4.70796,50.88672,Leuven teller 2,Vlaamse Overheid A. Wegen enVerkeer,R0230012,AWV213,Leuven,15,2022-07-07,901.6940285009786,438.835512707766,9,1,1,OUT,Leuven teller 2 Fietser Leuven
78,300025808,4.1652,50.75824,Pepingen teller 1,Vlaamse Overheid A. Wegen enVerkeer,N0280001,AWV211,Pepingen,15,2022-07-13,,147.2759098149282,1,0,1,IN,Pepingen teller 1 Fietser Halle
78,300025808,4.1652,50.75824,Pepingen teller 1,Vlaamse Overheid A. Wegen enVerkeer,N0280001,AWV211,Pepingen,15,2022-07-13,,147.2759098149282,1,0,1,OUT,Pepingen teller 1 Fietser Ninove
79,300025809,4.16537,50.75848,Pepingen teller 2,Vlaamse Overheid A. Wegen enVerkeer,N0280001,AWV211,Pepingen,15,2022-07-13,,141.02954295260153,1,0,1,IN,Pepingen teller 2 Fietser Ninove
79,300025809,4.16537,50.75848,Pepingen teller 2,Vlaamse Overheid A. Wegen enVerkeer,N0280001,AWV211,Pepingen,15,2022-07-13,,141.02954295260153,1,0,1,OUT,Pepingen teller 2 Fietser Halle
80,300025810,4.29571,50.91418,Wemmel teller 1,Vlaamse Overheid A. Wegen enVerkeer,N2900001,AWV212,Wemmel,15,2022-07-13,3553.553237727424,890.405912865919,0,0,0,IN,Wemmel teller 1 Fietser Wemmel
80,300025810,4.29571,50.91418,Wemmel teller 1,Vlaamse Overheid A. Wegen enVerkeer,N2900001,AWV212,Wemmel,15,2022-07-13,3553.553237727424,890.405912865919,0,0,0,OUT,Wemmel teller 1 Fietser Merchtem
81,300025811,4.29568,50.91439,Wemmel teller 2,Vlaamse Overheid A. Wegen enVerkeer,N2900001,AWV212,Wemmel,15,2022-07-13,3569.6488119270807,909.496527599948,0,0,0,IN,Wemmel teller 2 Fietser Merchtem
81,300025811,4.29568,50.91439,Wemmel teller 2,Vlaamse Overheid A. Wegen enVerkeer,N2900001,AWV212,Wemmel,15,2022-07-13,3569.6488119270807,909.496527599948,0,0,0,OUT,Wemmel teller 2 Fietser Wemmel
82,300025812,4.33336,50.75128,Beersel teller 1,Vlaamse Overheid A. Wegen enVerkeer,N2350002,AWV211,Beersel,15,2022-07-13,2583.631612237214,803.6079268305809,1,0,3,IN,Beersel teller 1 Fietser Beersel
82,300025812,4.33336,50.75128,Beersel teller 1,Vlaamse Overheid A. Wegen enVerkeer,N2350002,AWV211,Beersel,15,2022-07-13,2583.631612237214,803.6079268305809,1,0,3,OUT,Beersel teller 1 Fietser Eigen Brakel
83,300025813,4.33304,50.75175,Beersel teller 2,Vlaamse Overheid A. Wegen enVerkeer,N2350002,AWV211,Beersel,15,2022-07-13,2542.888101629091,865.0595974110716,1,0,3,IN,Beersel teller 2 Fietser Eigen Brakel
83,300025813,4.33304,50.75175,Beersel teller 2,Vlaamse Overheid A. Wegen enVerkeer,N2350002,AWV211,Beersel,15,2022-07-13,2542.888101629091,865.0595974110716,1,0,3,OUT,Beersel teller 2 Fietser Beersel
84,300025814,3.18772,50.91717,Roeselare totem,Vlaamse Overheid A. Wegen enVerkeer,N0369032,GemeenteIzegem,Izegem,15,2022-07-13,3016.7404590589817,1395.4680158288654,0,0,0,IN,Roeselare totem Fietser Roeselare
84,300025814,3.18772,50.91717,Roeselare totem,Vlaamse Overheid A. Wegen enVerkeer,N0369032,GemeenteIzegem,Izegem,15,2022-07-13,3016.7404590589817,1395.4680158288654,0,0,0,OUT,Roeselare totem Fietser Izegem
85,300025855,4.17294,50.89621,Asse teller 1,Vlaamse Overheid A. Wegen enVerkeer,N2850001,AWV212,Asse,15,2022-07-14,2526.644736679229,2387.006562696246,0,0,0,IN,Asse teller 1 Fietser Ternat
85,300025855,4.17294,50.89621,Asse teller 1,Vlaamse Overheid A. Wegen enVerkeer,N2850001,AWV212,Asse,15,2022-07-14,2526.644736679229,2387.006562696246,0,0,0,OUT,Asse teller 1 Fietser Asse
86,300025856,4.1709,50.89132,Asse teller 2,Vlaamse Overheid A. Wegen enVerkeer,N2850001,AWV212,Asse,15,2022-07-14,1939.2388636504936,2178.6453263033904,0,0,0,IN,Asse teller 2 Fietser Asse
86,300025856,4.1709,50.89132,Asse teller 2,Vlaamse Overheid A. Wegen enVerkeer,N2850001,AWV212,Asse,15,2022-07-14,1939.2388636504936,2178.6453263033904,0,0,0,OUT,Asse teller 2 Fietser Ternat
87,300025932,4.81259,50.99084,Aarschot,Vlaamse Overheid A. Wegen enVerkeer,R0250002,AWV214,Aarschot,15,2022-07-16,1426.1183413028948,1244.3088674299631,0,0,0,IN,Aarschot Fietser Aarschot
87,300025932,4.81259,50.99084,Aarschot,Vlaamse Overheid A. Wegen enVerkeer,R0250002,AWV214,Aarschot,15,2022-07-16,1426.1183413028948,1244.3088674299631,0,0,0,OUT,Aarschot Fietser Werchter
88,300025933,4.91325,51.082,Westerlo teller 1,Vlaamse Overheid A. Wegen enVerkeer,N0190002,AWV114,Westerlo,15,2022-07-16,,639.2756833693007,0,0,1,IN,Westerlo teller 1 Fietser Westerlo
88,300025933,4.91325,51.082,Westerlo teller 1,Vlaamse Overheid A. Wegen enVerkeer,N0190002,AWV114,Westerlo,15,2022-07-16,,639.2756833693007,0,0,1,OUT,Westerlo teller 1 Fietser Herselt
89,300025934,4.91334,51.08191,Westerlo teller 2,Vlaamse Overheid A. Wegen enVerkeer,N0190002,AWV114,Westerlo,15,2022-07-16,,649.4659433905175,0,0,1,IN,Westerlo teller 2 Fietser Herselt
89,300025934,4.91334,51.08191,Westerlo teller 2,Vlaamse Overheid A. Wegen enVerkeer,N0190002,AWV114,Westerlo,15,2022-07-16,,649.4659433905175,0,0,1,OUT,Westerlo teller 2 Fietser Westerlo
90,300026025,4.6243,51.35752,Brecht teller 1,Vlaamse Overheid A. Wegen enVerkeer,N1330002,AWV123,Brecht,15,2022-07-21,969.2885634030528,2445.875439465201,0,0,0,IN,Brecht teller 1 Fietser Wuustwezel
90,300026025,4.6243,51.35752,Brecht teller 1,Vlaamse Overheid A. Wegen enVerkeer,N1330002,AWV123,Brecht,15,2022-07-21,969.2885634030528,2445.875439465201,0,0,0,OUT,Brecht teller 1 Fietser Brecht
91,300026026,4.62422,51.35739,Brecht teller 2,Vlaamse Overheid A. Wegen enVerkeer,N1330002,AWV123,Brecht,15,2022-07-21,977.6617663850178,2449.5196968042223,0,0,0,IN,Brecht teller 2 Fietser Brecht
91,300026026,4.62422,51.35739,Brecht teller 2,Vlaamse Overheid A. Wegen enVerkeer,N1330002,AWV123,Brecht,15,2022-07-21,977.6617663850178,2449.5196968042223,0,0,0,OUT,Brecht teller 2 Fietser Wuustwezel
92,300026086,4.64479,51.14989,Nijlen teller 1,Vlaamse Overheid A. Wegen enVerkeer,N0130001,AWV114,Nijlen,15,2022-07-24,2660.683884248332,745.7186828481714,1,0,0,IN,Nijlen teller 1 Fietser Nijlen
92,300026086,4.64479,51.14989,Nijlen teller 1,Vlaamse Overheid A. Wegen enVerkeer,N0130001,AWV114,Nijlen,15,2022-07-24,2660.683884248332,745.7186828481714,1,0,0,OUT,Nijlen teller 1 Fietser Kessel
93,300026087,4.64469,51.14998,Nijlen teller 2,Vlaamse Overheid A. Wegen enVerkeer,N0130001,AWV114,Nijlen,15,2022-07-24,2666.728864497738,760.5236142076461,0,0,0,IN,Nijlen teller 2 Fietser Kessel
93,300026087,4.64469,51.14998,Nijlen teller 2,Vlaamse Overheid A. Wegen enVerkeer,N0130001,AWV114,Nijlen,15,2022-07-24,2666.728864497738,760.5236142076461,0,0,0,OUT,Nijlen teller 2 Fietser Nijlen
94,300026090,4.81283,51.17345,Herentals teller 2,Vlaamse Overheid A. Wegen enVerkeer,N0130002,AWV114,Herentals,15,2022-07-24,1830.3154550643756,1623.7293851259535,0,0,1,IN,Herentals teller 2 Fietser Herentals
94,300026090,4.81283,51.17345,Herentals teller 2,Vlaamse Overheid A. Wegen enVerkeer,N0130002,AWV114,Herentals,15,2022-07-24,1830.3154550643756,1623.7293851259535,0,0,1,OUT,Herentals teller 2 Fietser Nijlen
95,300026104,4.58437,51.11687,Lier teller 1,Vlaamse Overheid A. Wegen enVerkeer,N0100002,AWV123,Lier,15,2022-07-26,3269.2051254077287,1381.652216917077,0,0,0,IN,Lier teller 1 Fietser Lier
95,300026104,4.58437,51.11687,Lier teller 1,Vlaamse Overheid A. Wegen enVerkeer,N0100002,AWV123,Lier,15,2022-07-26,3269.2051254077287,1381.652216917077,0,0,0,OUT,Lier teller 1 Fietser Koningshooikt
96,300026105,4.58444,51.11705,Lier teller 2,Vlaamse Overheid A. Wegen enVerkeer,N0100002,AWV123,Lier,15,2022-07-26,3262.2718571481964,1360.2867653366825,0,0,0,IN,Lier teller 2 Fietser Koningshooikt
96,300026105,4.58444,51.11705,Lier teller 2,Vlaamse Overheid A. Wegen enVerkeer,N0100002,AWV123,Lier,15,2022-07-26,3262.2718571481964,1360.2867653366825,0,0,0,OUT,Lier teller 2 Fietser Lier
97,300026110,4.99698,51.14813,Geel teller 1,Vlaamse Overheid A. Wegen enVerkeer,N1260001,AWV114,Geel,15,2022-07-26,2468.605075413748,1382.8320595678842,0,0,0,IN,Geel teller 1 Fietser Meerhout
97,300026110,4.99698,51.14813,Geel teller 1,Vlaamse Overheid A. Wegen enVerkeer,N1260001,AWV114,Geel,15,2022-07-26,2468.605075413748,1382.8320595678842,0,0,0,OUT,Geel teller 1 Fietser Geel
98,300026111,4.99643,51.1481,Geel teller 2,Vlaamse Overheid A. Wegen enVerkeer,N1260001,AWV114,Geel,15,2022-07-26,2451.86916590249,1370.5238446140715,0,0,0,IN,Geel teller 2 Fietser Geel
98,300026111,4.99643,51.1481,Geel teller 2,Vlaamse Overheid A. Wegen enVerkeer,N1260001,AWV114,Geel,15,2022-07-26,2451.86916590249,1370.5238446140715,0,0,0,OUT,Geel teller 2 Fietser Meerhout
99,300026136,4.46882,51.04564,Mechelen teller 1,Vlaamse Overheid A. Wegen enVerkeer,N0010002,AWV112,Mechelen,15,2022-07-28,2932.8969095267003,262.518157494091,6,0,3,IN,Mechelen_1 Fietser Otterbeek / Mechelen teller 1 Fietser Otterbeek
99,300026136,4.46882,51.04564,Mechelen teller 1,Vlaamse Overheid A. Wegen enVerkeer,N0010002,AWV112,Mechelen,15,2022-07-28,2932.8969095267003,262.518157494091,6,0,3,OUT,Mechelen_1 Fietser Mechelen / Mechelen teller 1 Fietser Mechelen
100,300026137,4.46883,51.0457,Mechelen teller 2,Vlaamse Overheid A. Wegen enVerkeer,N0010001,AWV112,Mechelen,15,2022-07-28,2935.891156887133,268.584605551375,6,0,3,IN,Mechelen teller 2 Fietser Mechelen
100,300026137,4.46883,51.0457,Mechelen teller 2,Vlaamse Overheid A. Wegen enVerkeer,N0010001,AWV112,Mechelen,15,2022-07-28,2935.891156887133,268.584605551375,6,0,3,OUT,Mechelen teller 2 Fietser Otterbeek
101,300026274,5.04481,50.97799,Diest teller 1,Vlaamse Overheid A. Wegen enVerkeer,N0020001,AWV214,Diest,15,2022-08-02,1815.3210714901725,627.1271292779912,0,0,2,IN,Diest teller 1 Fietser Diest
101,300026274,5.04481,50.97799,Diest teller 1,Vlaamse Overheid A. Wegen enVerkeer,N0020001,AWV214,Diest,15,2022-08-02,1815.3210714901725,627.1271292779912,0,0,2,OUT,Diest teller 1 Fietser Bekkevoort
102,300026275,5.04474,50.9779,Diest teller 2,Vlaamse Overheid A. Wegen enVerkeer,N0020001,AWV214,Diest,15,2022-08-02,1827.5813684414688,637.5863044482348,0,0,2,IN,Diest teller 2 Fietser Bekkevoort
102,300026275,5.04474,50.9779,Diest teller 2,Vlaamse Overheid A. Wegen enVerkeer,N0020001,AWV214,Diest,15,2022-08-02,1827.5813684414688,637.5863044482348,0,0,2,OUT,Diest teller 2 Fietser Diest
103,300026302,4.73872,51.31681,Malle teller 1,Vlaamse Overheid A. Wegen enVerkeer,N0140002,AWV123,Malle,15,2022-08-03,,1456.6034797190125,0,0,0,IN,Malle teller 1 Fietser Rijkevorsel
103,300026302,4.73872,51.31681,Malle teller 1,Vlaamse Overheid A. Wegen enVerkeer,N0140002,AWV123,Malle,15,2022-08-03,,1456.6034797190125,0,0,0,OUT,Malle teller 1 Fietser Oostmalle
104,300026303,4.73852,51.31682,Malle teller 2,Vlaamse Overheid A. Wegen enVerkeer,N0140002,AWV123,Malle,15,2022-08-03,,1456.5362910520205,0,0,0,IN,Malle teller 2 Fietser Oostmalle
104,300026303,4.73852,51.31682,Malle teller 2,Vlaamse Overheid A. Wegen enVerkeer,N0140002,AWV123,Malle,15,2022-08-03,,1456.5362910520205,0,0,0,OUT,Malle teller 2 Fietser Rijkevorsel
105,300026348,4.24943,50.75509,St. pieters leeuw teller 2,Vlaamse Overheid A. Wegen enVerkeer,N2310001,AWV211,Halle,15,2022-08-04,1084.8765516144629,1575.4160704746882,0,0,1,IN,St. pieters leeuw teller 2 Fietser Huizingen
105,300026348,4.24943,50.75509,St. pieters leeuw teller 2,Vlaamse Overheid A. Wegen enVerkeer,N2310001,AWV211,Halle,15,2022-08-04,1084.8765516144629,1575.4160704746882,0,0,1,OUT,St. pieters leeuw teller 2 Fietser UIT
106,300026349,4.24951,50.75533,St. pieters leeuw teller 1,Vlaamse Overheid A. Wegen enVerkeer,N2310001,AWV211,Sint-Pieters-Leeuw,15,2022-08-04,1087.2263373913347,1593.721821212415,0,0,1,IN,St. pieters leeuw teller 1 Fietser St. pieters leeuw
106,300026349,4.24951,50.75533,St. pieters leeuw teller 1,Vlaamse Overheid A. Wegen enVerkeer,N2310001,AWV211,Sint-Pieters-Leeuw,15,2022-08-04,1087.2263373913347,1593.721821212415,0,0,1,OUT,St. pieters leeuw teller 1 Fietser Huizingen
107,300026758,4.7087919,50.8870744,leuven totem,Vlaamse Overheid A. Wegen enVerkeer,R0230022,AWV213,Leuven,15,2022-08-23,851.8170850389071,481.40626733510464,7,0,0,IN,leuven totem Fietser Aarschotse steenweg
107,300026758,4.7087919,50.8870744,leuven totem,Vlaamse Overheid A. Wegen enVerkeer,R0230022,AWV213,Leuven,15,2022-08-23,851.8170850389071,481.40626733510464,7,0,0,OUT,leuven totem Fietser Vuurkruisemlaan
108,300026820,4.6954674,50.8471728,Heverlee teller 1,Vlaamse Overheid A. Wegen enVerkeer,N2510001,AWV213,Leuven,15,2022-08-25,1700.7023188040207,1072.7977266231314,0,0,0,IN,Heverlee teller 1 Fietser Oud heverlee
108,300026820,4.6954674,50.8471728,Heverlee teller 1,Vlaamse Overheid A. Wegen enVerkeer,N2510001,AWV213,Leuven,15,2022-08-25,1700.7023188040207,1072.7977266231314,0,0,0,OUT,Heverlee teller 1 Fietser Heverlee
109,300026861,4.4707023,50.9903936,Zemst,Vlaamse Overheid A. Wegen enVerkeer,A0010002,AWV212,Zemst,15,2022-08-26,1407.3130400217483,685.063542358281,0,0,0,IN,Zemst Fietser Zemst
109,300026861,4.4707023,50.9903936,Zemst,Vlaamse Overheid A. Wegen enVerkeer,A0010002,AWV212,Zemst,15,2022-08-26,1407.3130400217483,685.063542358281,0,0,0,OUT,Zemst Fietser Mechelen
110,300026986,4.811783,51.1739426,Herentals totem,Vlaamse Overheid A. Wegen enVerkeer,N0130002,AWV114,Herentals,15,2022-08-31,1913.5184363903052,1743.3096599322027,0,0,1,IN,Herentals totem Fietser Nijlen
110,300026986,4.811783,51.1739426,Herentals totem,Vlaamse Overheid A. Wegen enVerkeer,N0130002,AWV114,Herentals,15,2022-08-31,1913.5184363903052,1743.3096599322027,0,0,1,OUT,Herentals totem Fietser Herentals
111,300027064,4.4597084,50.8871216,Zaventem totem,Vlaamse Overheid A. Wegen enVerkeer,R0220001,AWV212,Zaventem,15,2022-09-02,1494.0667789398046,543.9127789368076,1,0,2,OUT,Zaventem totem Fietser Diegem
111,300027064,4.4597084,50.8871216,Zaventem totem,Vlaamse Overheid A. Wegen enVerkeer,R0220001,AWV212,Zaventem,15,2022-09-02,1494.0667789398046,543.9127789368076,1,0,2,IN,Zaventem totem Fietser Leuven
112,300027129,4.9394789,51.1354992,Geel teller 2,Vlaamse Overheid A. Wegen enVerkeer,N0190112,AWV114,Westerlo,15,2022-09-06,,749.1308340546382,0,0,0,IN,Geel teller 2 [Bike IN]
112,300027129,4.9394789,51.1354992,Geel teller 2,Vlaamse Overheid A. Wegen enVerkeer,N0190112,AWV114,Westerlo,15,2022-09-06,,749.1308340546382,0,0,0,OUT,Geel teller 2 [Bike OUT]
113,300027489,3.55578,50.96018,Deinze teller 2,Vlaamse Overheid A. Wegen enVerkeer,N0350002,AWV411,Deinze,15,2022-09-21,3051.68112348306,2001.214082232436,0,0,0,IN,Deinze teller 2 Fietser Deinze
113,300027489,3.55578,50.96018,Deinze teller 2,Vlaamse Overheid A. Wegen enVerkeer,N0350002,AWV411,Deinze,15,2022-09-21,3051.68112348306,2001.214082232436,0,0,0,OUT,Deinze teller 2 Fietser Nazareth
114,300027499,3.555502,50.9598305,Deinze teller 1,Vlaamse Overheid A. Wegen enVerkeer,N0350001,AWV411,Nazareth,15,2022-09-21,3054.2058189046493,2007.4789521418925,0,0,0,IN,Deinze teller 1 Fietser Deinze
114,300027499,3.555502,50.9598305,Deinze teller 1,Vlaamse Overheid A. Wegen enVerkeer,N0350001,AWV411,Nazareth,15,2022-09-21,3054.2058189046493,2007.4789521418925,0,0,0,OUT,Deinze teller 1 Fietser Nazareth
115,300027871,3.4350591,51.1058367,Aalter,Vlaamse Overheid A. Wegen enVerkeer,N0440002,AWV413,Aalter,15,2022-10-01,2181.1432350787386,474.7557594390724,1,0,0,IN,Aalter Fietser Knesselare
115,300027871,3.4350591,51.1058367,Aalter,Vlaamse Overheid A. Wegen enVerkeer,N0440002,AWV413,Aalter,15,2022-10-01,2181.1432350787386,474.7557594390724,1,0,0,OUT,Aalter Fietser Aalter
116,300027878,3.8040599,50.9986113,Melle teller 2,Vlaamse Overheid A. Wegen enVerkeer,N4650001,AWV411,Melle,15,2022-10-01,863.3548750021109,378.220399045818,3,1,4,IN,Melle teller 2 Fietser Ovenveldstraat
116,300027878,3.8040599,50.9986113,Melle teller 2,Vlaamse Overheid A. Wegen enVerkeer,N4650001,AWV411,Melle,15,2022-10-01,863.3548750021109,378.220399045818,3,1,4,OUT,Melle teller 2 Fietser Pontstraat
117,300027879,3.8040599,50.9986113,Melle teller 1,Vlaamse Overheid A. Wegen enVerkeer,N4650001,AWV411,Melle,15,2022-10-01,863.3548750021109,378.220399045818,3,1,4,IN,Melle teller 1 Fietser Pontstraat
117,300027879,3.8040599,50.9986113,Melle teller 1,Vlaamse Overheid A. Wegen enVerkeer,N4650001,AWV411,Melle,15,2022-10-01,863.3548750021109,378.220399045818,3,1,4,OUT,Melle teller 1 Fietser Ovenveldstraat
118,300027898,3.7681359,51.028049,Gent teller 1,Vlaamse Overheid A. Wegen enVerkeer,N0090002,AWV411,Gent,15,2022-10-04,959.8591718236444,635.9394123722852,1,0,7,IN,Gent teller 1 Fietser Melle
118,300027898,3.7681359,51.028049,Gent teller 1,Vlaamse Overheid A. Wegen enVerkeer,N0090002,AWV411,Gent,15,2022-10-04,959.8591718236444,635.9394123722852,1,0,7,OUT,Gent teller 1 Fietser Gent
119,300027900,3.7683918,51.0281795,Gent teller 2,Vlaamse Overheid A. Wegen enVerkeer,N0090001,AWV411,Gent,15,2022-10-04,985.017671999962,605.1892427074663,1,0,7,IN,Gent_2 Fietser Gent / Gent teller 2 Fietser Gent
119,300027900,3.7683918,51.0281795,Gent teller 2,Vlaamse Overheid A. Wegen enVerkeer,N0090001,AWV411,Gent,15,2022-10-04,985.017671999962,605.1892427074663,1,0,7,OUT,Gent_2 Fietser Melle / Gent teller 2 Fietser Melle
120,300027919,4.0547741,51.0607671,Zele teller 1,Vlaamse Overheid A. Wegen enVerkeer,N0470002,AWV414,Zele,15,2022-10-05,1939.4566969132484,1493.8071499555806,0,0,0,IN,Zele teller 1 Fietser Dendermonde
120,300027919,4.0547741,51.0607671,Zele teller 1,Vlaamse Overheid A. Wegen enVerkeer,N0470002,AWV414,Zele,15,2022-10-05,1939.4566969132484,1493.8071499555806,0,0,0,OUT,Zele teller 1 Fietser Lokeren
121,300027923,4.0556696,51.0604067,Zele teller 2,Vlaamse Overheid A. Wegen enVerkeer,N0470001,AWV414,Zele,15,2022-10-05,2038.8810655432792,1600.950835596225,0,0,0,IN,Zele teller 2 Fietser Lokeren
121,300027923,4.0556696,51.0604067,Zele teller 2,Vlaamse Overheid A. Wegen enVerkeer,N0470001,AWV414,Zele,15,2022-10-05,2038.8810655432792,1600.950835596225,0,0,0,OUT,Zele teller 2 Fietser Dendermonde
122,300027931,4.1019222,51.0373918,Dendermonde teller 2,Vlaamse Overheid A. Wegen enVerkeer,N0470002,AWV415,Dendermonde,15,2022-10-05,1625.1294921437673,699.610911000031,2,0,2,IN,Dendermonde teller 2 Fietser Zele
122,300027931,4.1019222,51.0373918,Dendermonde teller 2,Vlaamse Overheid A. Wegen enVerkeer,N0470002,AWV415,Dendermonde,15,2022-10-05,1625.1294921437673,699.610911000031,2,0,2,OUT,Dendermonde teller 2 Fietser Dendermonde
123,300027960,4.2362771,51.1964555,Beveren teller 1,Vlaamse Overheid A. Wegen enVerkeer,N4850001,AWV121,Beveren,15,2022-10-06,2920.8690573676586,1514.0016737046074,0,0,3,IN,Beveren teller 1 Fietser Beveren
123,300027960,4.2362771,51.1964555,Beveren teller 1,Vlaamse Overheid A. Wegen enVerkeer,N4850001,AWV121,Beveren,15,2022-10-06,2920.8690573676586,1514.0016737046074,0,0,3,OUT,Beveren teller 1 Fietser Haasdonk
124,300027967,4.2361077,51.1964712,Beveren teller 2,Vlaamse Overheid A. Wegen enVerkeer,N4850001,AWV121,Beveren,15,2022-10-06,2936.936573998992,1518.723604263662,0,0,3,IN,Beveren teller 2 Fietser Haasdonk
124,300027967,4.2361077,51.1964712,Beveren teller 2,Vlaamse Overheid A. Wegen enVerkeer,N4850001,AWV121,Beveren,15,2022-10-06,2936.936573998992,1518.723604263662,0,0,3,OUT,Beveren teller 2 Fietser Beveren
125,300028325,4.1025998,51.0372706,Dendermonde totem,Vlaamse Overheid A. Wegen enVerkeer,N0470002,AWV415,Dendermonde,15,2022-10-22,1618.9148991294264,686.9266367227524,2,0,3,IN,Dendermonde totem [Bike IN]
125,300028325,4.1025998,51.0372706,Dendermonde totem,Vlaamse Overheid A. Wegen enVerkeer,N0470002,AWV415,Dendermonde,15,2022-10-22,1618.9148991294264,686.9266367227524,2,0,3,OUT,Dendermonde totem [Bike OUT]
126,300028358,4.1469307,51.1017709,Hamme totem,Vlaamse Overheid A. Wegen enVerkeer,N0410002,AWV414,Hamme,15,2022-10-25,,1239.6184444221667,0,0,7,IN,Hamme totem [Bike IN] / Hamme totem Fietser IN Elversele
126,300028358,4.1469307,51.1017709,Hamme totem,Vlaamse Overheid A. Wegen enVerkeer,N0410002,AWV414,Hamme,15,2022-10-25,,1239.6184444221667,0,0,7,OUT,Hamme totem [Bike OUT]
127,300028385,4.9400421,51.1342966,Geel totem,Vlaamse Overheid A. Wegen enVerkeer,N0190161,AWV114,Westerlo,15,2022-10-26,,870.0139267003088,0,0,0,IN,Geel totem [Bike IN]
127,300028385,4.9400421,51.1342966,Geel totem,Vlaamse Overheid A. Wegen enVerkeer,N0190161,AWV114,Westerlo,15,2022-10-26,,870.0139267003088,0,0,0,OUT,Geel totem [Bike OUT]
128,300028477,3.97023,51.09644,Lokeren teller 1,Vlaamse Overheid A. Wegen enVerkeer,N4070002,AWV414,Lokeren,15,2022-10-29,2096.986085725343,1252.5351334657316,0,0,0,IN,Lokeren teller 1 Fietser Lokeren
128,300028477,3.97023,51.09644,Lokeren teller 1,Vlaamse Overheid A. Wegen enVerkeer,N4070002,AWV414,Lokeren,15,2022-10-29,2096.986085725343,1252.5351334657316,0,0,0,OUT,Lokeren teller 1 Fietser Lokeren-Heiende
129,300028478,3.97025,51.09612,Lokeren teller 2,Vlaamse Overheid A. Wegen enVerkeer,N4070002,AWV414,Lokeren,15,2022-10-29,2114.9499282186766,1287.3219738901244,0,0,0,IN,Lokeren teller 2 Fietser Lokeren-Heiende
129,300028478,3.97025,51.09612,Lokeren teller 2,Vlaamse Overheid A. Wegen enVerkeer,N4070002,AWV414,Lokeren,15,2022-10-29,2114.9499282186766,1287.3219738901244,0,0,0,OUT,Lokeren teller 2 Fietser Lokeren
131,300030111,3.558569,51.0276612,Nevele,Vlaamse Overheid A. Wegen enVerkeer,N4379021,AWV413,Deinze,15,2023-01-25,,1220.968624207304,0,0,1,IN,Nevele Fietser Nevele
131,300030111,3.558569,51.0276612,Nevele,Vlaamse Overheid A. Wegen enVerkeer,N4379021,AWV413,Deinze,15,2023-01-25,,1220.968624207304,0,0,1,OUT,Nevele Fietser Nazareth
132,300030471,4.8298851,51.245445,Gierde lille,Vlaamse Overheid A. Wegen enVerkeer,N1400002,AWV125,Lille,15,2023-02-15,,592.3624424105408,3,0,1,IN,Gierle Lille 2 Fietser Richting Gierle
132,300030471,4.8298851,51.245445,Gierde lille,Vlaamse Overheid A. Wegen enVerkeer,N1400002,AWV125,Lille,15,2023-02-15,,592.3624424105408,3,0,1,OUT,Gierle Lille 2 Fietser Richting Lille
133,300030472,4.8297416,51.2453915,Gierde Lille Totem,Vlaamse Overheid A. Wegen enVerkeer,N1400002,AWV125,Lille,15,2023-02-15,,578.4117968191737,3,0,1,IN,Gierle_1 [Bike Richting Gierle] / Gierle Lille 1 Totem Fietser Richting Gierle
133,300030472,4.8297416,51.2453915,Gierde Lille Totem,Vlaamse Overheid A. Wegen enVerkeer,N1400002,AWV125,Lille,15,2023-02-15,,578.4117968191737,3,0,1,OUT,Gierle_1 [Bike Richting Lille] / Gierle Lille 1 Totem Fietser Richting Lille
134,300030476,5.1037658,51.2548405,Retie,Vlaamse Overheid A. Wegen enVerkeer,N0180002,AWV125,Dessel,15,2023-02-15,,1941.234473131093,0,0,0,IN,Retie 1 Fietser Richting Dessel
134,300030476,5.1037658,51.2548405,Retie,Vlaamse Overheid A. Wegen enVerkeer,N0180002,AWV125,Dessel,15,2023-02-15,,1941.234473131093,0,0,0,OUT,Retie 1 Fietser Richting Retie
135,300030477,5.1040064,51.2544998,Retie 2,Vlaamse Overheid A. Wegen enVerkeer,N0180002,AWV125,Dessel,15,2023-02-15,,1896.4831818702924,0,0,0,IN,Retie 2 Fietser Richting Dessel
135,300030477,5.1040064,51.2544998,Retie 2,Vlaamse Overheid A. Wegen enVerkeer,N0180002,AWV125,Dessel,15,2023-02-15,,1896.4831818702924,0,0,0,OUT,Retie 2 Fietser Richting Retie
136,300030728,3.7587918,51.0876313,Gent R4,Vlaamse Overheid A. Wegen enVerkeer,R0040002,AWV411,Gent,15,2023-03-01,4364.719117081251,678.7765030493438,3,0,0,IN,Gent R4 Fietser Richting Gent
136,300030728,3.7587918,51.0876313,Gent R4,Vlaamse Overheid A. Wegen enVerkeer,R0040002,AWV411,Gent,15,2023-03-01,4364.719117081251,678.7765030493438,3,0,0,OUT,Gent R4 Fietser Richting Zelzate
137,300031561,5.3417576,50.9411605,Hasselt-Kempische brug,Vlaamse Overheid A. Wegen enVerkeer,N0740002,AWV720,Hasselt,15,2023-04-19,1691.1412397307631,496.5434902175799,8,0,1,IN,Hasselt-Kempische brug totem Fietser Hasselt
137,300031561,5.3417576,50.9411605,Hasselt-Kempische brug,Vlaamse Overheid A. Wegen enVerkeer,N0740002,AWV720,Hasselt,15,2023-04-19,1691.1412397307631,496.5434902175799,8,0,1,OUT,Hasselt-Kempische brug totem Fietser Zonhoven
138,300031574,5.3422472,50.9405318,Hasselt-Kempische brug,Vlaamse Overheid A. Wegen enVerkeer,N0740001,AWV720,Hasselt,15,2023-04-20,1728.0264240352055,409.4344255978483,10,0,1,IN,Hasselt-Kempische brug Fietser Hasselt
138,300031574,5.3422472,50.9405318,Hasselt-Kempische brug,Vlaamse Overheid A. Wegen enVerkeer,N0740001,AWV720,Hasselt,15,2023-04-20,1728.0264240352055,409.4344255978483,10,0,1,OUT,Hasselt-Kempische brug Fietser Zonhoven
139,300031607,5.3819796,51.0644267,Houthalen-Helchteren,Vlaamse Overheid A. Wegen enVerkeer,N7150002,AWV717,Houthalen-Helchteren,15,2023-04-21,,1138.503637934792,0,0,0,IN,Houthalen-Helchteren Fietser Zonhoven
139,300031607,5.3819796,51.0644267,Houthalen-Helchteren,Vlaamse Overheid A. Wegen enVerkeer,N7150002,AWV717,Houthalen-Helchteren,15,2023-04-21,,1138.503637934792,0,0,0,OUT,Houthalen-Helchteren Fietser Lommel
140,300031927,5.3438616,50.9300038,Hasselt ring,Vlaamse Overheid A. Wegen enVerkeer,R0700002,AWV720,Hasselt,15,2023-05-04,1818.791454983981,165.42694398347624,12,0,10,IN,Hasselt ring Fietser Kapermolen
140,300031927,5.3438616,50.9300038,Hasselt ring,Vlaamse Overheid A. Wegen enVerkeer,R0700002,AWV720,Hasselt,15,2023-05-04,1818.791454983981,165.42694398347624,12,0,10,OUT,Hasselt ring Fietser Jessa ziekenhuis
143,100038932,3.26286,50.83066,Eco Display Classic Budastraat,Kortrijk Fietst,,,Kortrijk,15,2023-12-08,705.0483950329526,409.29628041920006,4,0,12,IN,YTH17062596 Cyclists IN
143,100038932,3.26286,50.83066,Eco Display Classic Budastraat,Kortrijk Fietst,,,Kortrijk,15,2023-12-08,705.0483950329526,409.29628041920006,4,0,12,OUT,YTH17062596 Cyclists OUT
